<?xml version="1.0"?>
<!--
/**
 * @package     Ecommerce/CreditLimit
 * @version     1.0.0
 * @author      Ecommerce Limited
 * @copyright   Copyright © 2021. All Rights Reserved.
 */
-->
<schema xmlns:xsi="http://www.w3.org/2001/XMLSchema-instance" xsi:noNamespaceSchemaLocation="urn:magento:framework:Setup/Declaration/Schema/etc/schema.xsd">
    <table name="customer_credit_limit" resource="default" engine="innodb" comment="Customer Credit Limit">
        <column xsi:type="int" name="entity_id" unsigned="true" nullable="false" identity="true" comment="ID"/>
        <column xsi:type="int" unsigned="true" name="customer_id" nullable="false" comment="Customer Id"/>
        <column xsi:type="varchar" name="credit_type" nullable="false" comment="Credit Type"/>
        <column xsi:type="int" name="balance" nullable="false" comment="Customer Credit Balance"/>
        <column xsi:type="datetime" name="transaction_date" nullable="true" comment="Transaction Date"/>
        <column xsi:type="text" name="remarks" nullable="false" comment="Remarks"/>
        <constraint xsi:type="primary" referenceId="PRIMARY">
            <column name="entity_id"/>
        </constraint>
        <constraint xsi:type="foreign" referenceId="CUSTOMER_ENTITY_ENTITY_ID_CUSTOMER_CREDIT_LIMIT_CUSTOMER_ID" table="customer_credit_limit" column="customer_id" referenceTable="customer_entity" referenceColumn="entity_id"/>
    </table>
</schema>