<!--
/**
 * @package     Ecommerce/CreditLimit
 * @version     1.0.0
 * @author      Ecommerce Limited
 * @copyright   Copyright © 2021. All Rights Reserved.
 */
-->
<config xmlns:xsi="http://www.w3.org/2001/XMLSchema-instance" xsi:noNamespaceSchemaLocation="../../../../../lib/internal/Magento/Framework/ObjectManager/etc/config.xsd">
    <type name="Magento\Framework\View\Element\UiComponent\DataProvider\CollectionFactory">
        <arguments>
            <argument name="collections" xsi:type="array">
                <item name="creditlimit_creditlimitlist_listing_data_source" xsi:type="string">Ecommerce\CreditLimit\Model\ResourceModel\CreditLimit\Grid\Collection</item>
            </argument>
        </arguments>
    </type>
    <virtualType name="Ecommerce\CreditLimit\Model\ResourceModel\CreditLimit\Grid\Collection" type="Magento\Framework\View\Element\UiComponent\DataProvider\SearchResult">
        <arguments>
            <argument name="mainTable" xsi:type="string">customer_credit_limit</argument>
            <argument name="resourceModel" xsi:type="string">Ecommerce\CreditLimit\Model\ResourceModel\CreditLimit</argument>
        </arguments>
    </virtualType>
</config>